id,label,template_id
1,clean,clean_0
2,missing_default,case_1
3,width_mismatch,width_0
4,width_mismatch,width_0
5,clean,clean_0
6,multi_driver,mdrv_1
7,clean,clean_0
8,unused_signal,unused_1
9,clean,clean_0
10,clean,clean_0
11,clean,clean_0
12,syntax_error,syntax_1
13,missing_default,case_0
14,clean,clean_0
15,missing_default,case_0
16,clean,clean_0
17,clean,clean_0
18,latch_inference,latch_1
19,blocking_misuse,blocking_1
20,blocking_misuse,blocking_0
21,width_mismatch,width_0
22,missing_default,case_0
23,width_mismatch,width_1
24,width_mismatch,width_0
25,blocking_misuse,blocking_0
26,width_mismatch,width_0
27,missing_default,case_0
28,latch_inference,latch_1
29,missing_default,case_1
30,width_mismatch,width_1
31,clean,clean_0
32,clean,clean_0
33,missing_default,case_0
34,missing_default,case_1
35,syntax_error,syntax_1
36,syntax_error,syntax_0
37,multi_driver,mdrv_1
38,clean,clean_0
39,clean,clean_0
40,unused_signal,unused_0
41,clean,clean_0
42,comb_loop,loop_0
43,latch_inference,latch_0
44,multi_driver,mdrv_0
45,width_mismatch,width_1
46,clean,clean_0
47,unused_signal,unused_0
48,multi_driver,mdrv_1
49,clean,clean_0
50,blocking_misuse,blocking_1
51,clean,clean_0
52,multi_driver,mdrv_0
53,clean,clean_0
54,syntax_error,syntax_0
55,unused_signal,unused_0
56,unused_signal,unused_0
57,unused_signal,unused_1
58,missing_default,case_0
59,unused_signal,unused_1
60,latch_inference,latch_0
61,clean,clean_0
62,syntax_error,syntax_0
63,missing_default,case_0
64,blocking_misuse,blocking_1
65,multi_driver,mdrv_1
66,clean,clean_0
67,latch_inference,latch_0
68,clean,clean_0
69,latch_inference,latch_1
70,syntax_error,syntax_1
71,width_mismatch,width_1
72,clean,clean_0
73,width_mismatch,width_0
74,syntax_error,syntax_0
75,multi_driver,mdrv_0
76,syntax_error,syntax_0
77,clean,clean_0
78,clean,clean_0
79,comb_loop,loop_1
80,clean,clean_0
81,unused_signal,unused_0
82,unused_signal,unused_1
83,blocking_misuse,blocking_1
84,clean,clean_0
85,latch_inference,latch_1
86,unused_signal,unused_0
87,unused_signal,unused_0
88,comb_loop,loop_1
89,blocking_misuse,blocking_0
90,unused_signal,unused_0
91,comb_loop,loop_0
92,multi_driver,mdrv_1
93,syntax_error,syntax_1
94,comb_loop,loop_0
95,comb_loop,loop_1
96,missing_default,case_1
97,latch_inference,latch_1
98,clean,clean_0
99,comb_loop,loop_0
100,clean,clean_0
101,width_mismatch,width_1
102,width_mismatch,width_1
103,syntax_error,syntax_0
104,width_mismatch,width_0
105,clean,clean_0
106,clean,clean_0
107,multi_driver,mdrv_0
108,blocking_misuse,blocking_0
109,multi_driver,mdrv_0
110,latch_inference,latch_0
111,syntax_error,syntax_1
112,multi_driver,mdrv_0
113,blocking_misuse,blocking_1
114,latch_inference,latch_0
115,clean,clean_0
116,unused_signal,unused_1
117,multi_driver,mdrv_0
118,missing_default,case_0
119,syntax_error,syntax_0
120,width_mismatch,width_0
121,unused_signal,unused_0
122,width_mismatch,width_1
123,blocking_misuse,blocking_1
124,syntax_error,syntax_0
125,multi_driver,mdrv_1
126,clean,clean_0
127,unused_signal,unused_0
128,multi_driver,mdrv_1
129,syntax_error,syntax_0
130,width_mismatch,width_1
131,clean,clean_0
132,blocking_misuse,blocking_1
133,blocking_misuse,blocking_1
134,blocking_misuse,blocking_1
135,clean,clean_0
136,multi_driver,mdrv_1
137,width_mismatch,width_0
138,clean,clean_0
139,unused_signal,unused_1
140,clean,clean_0
141,clean,clean_0
142,missing_default,case_1
143,multi_driver,mdrv_1
144,missing_default,case_1
145,comb_loop,loop_1
146,clean,clean_0
147,blocking_misuse,blocking_1
148,syntax_error,syntax_0
149,syntax_error,syntax_1
150,blocking_misuse,blocking_0
151,multi_driver,mdrv_1
152,unused_signal,unused_0
153,unused_signal,unused_0
154,blocking_misuse,blocking_0
155,comb_loop,loop_1
156,clean,clean_0
157,missing_default,case_1
158,missing_default,case_1
159,multi_driver,mdrv_0
160,clean,clean_0
161,clean,clean_0
162,width_mismatch,width_1
163,comb_loop,loop_0
164,missing_default,case_1
165,syntax_error,syntax_0
166,clean,clean_0
167,syntax_error,syntax_1
168,blocking_misuse,blocking_1
169,latch_inference,latch_1
170,clean,clean_0
171,clean,clean_0
172,clean,clean_0
173,blocking_misuse,blocking_1
174,syntax_error,syntax_1
175,syntax_error,syntax_1
176,blocking_misuse,blocking_1
177,syntax_error,syntax_1
178,clean,clean_0
179,clean,clean_0
180,latch_inference,latch_1
181,comb_loop,loop_0
182,multi_driver,mdrv_0
183,blocking_misuse,blocking_0
184,missing_default,case_0
185,clean,clean_0
186,blocking_misuse,blocking_1
187,syntax_error,syntax_1
188,blocking_misuse,blocking_1
189,unused_signal,unused_0
190,latch_inference,latch_1
191,clean,clean_0
192,syntax_error,syntax_0
193,missing_default,case_1
194,comb_loop,loop_0
195,blocking_misuse,blocking_1
196,latch_inference,latch_1
197,latch_inference,latch_0
198,comb_loop,loop_1
199,unused_signal,unused_1
200,syntax_error,syntax_1
201,width_mismatch,width_1
202,multi_driver,mdrv_1
203,missing_default,case_0
204,syntax_error,syntax_1
205,unused_signal,unused_0
206,blocking_misuse,blocking_0
207,clean,clean_0
208,comb_loop,loop_1
209,width_mismatch,width_0
210,clean,clean_0
211,blocking_misuse,blocking_0
212,missing_default,case_0
213,missing_default,case_1
214,unused_signal,unused_1
215,blocking_misuse,blocking_1
216,width_mismatch,width_1
217,unused_signal,unused_0
218,latch_inference,latch_0
219,clean,clean_0
220,multi_driver,mdrv_1
221,unused_signal,unused_1
222,latch_inference,latch_1
223,multi_driver,mdrv_1
224,blocking_misuse,blocking_0
225,blocking_misuse,blocking_0
226,width_mismatch,width_0
227,latch_inference,latch_0
228,blocking_misuse,blocking_0
229,missing_default,case_0
230,comb_loop,loop_1
231,clean,clean_0
232,multi_driver,mdrv_1
233,clean,clean_0
234,multi_driver,mdrv_1
235,unused_signal,unused_0
236,clean,clean_0
237,blocking_misuse,blocking_1
238,latch_inference,latch_0
239,missing_default,case_0
240,latch_inference,latch_1
241,latch_inference,latch_0
242,comb_loop,loop_1
243,clean,clean_0
244,blocking_misuse,blocking_0
245,multi_driver,mdrv_0
246,syntax_error,syntax_1
247,multi_driver,mdrv_0
248,multi_driver,mdrv_1
249,syntax_error,syntax_1
250,multi_driver,mdrv_1
251,latch_inference,latch_1
252,multi_driver,mdrv_1
253,latch_inference,latch_1
254,latch_inference,latch_1
255,syntax_error,syntax_0
256,syntax_error,syntax_0
257,multi_driver,mdrv_0
258,comb_loop,loop_0
259,width_mismatch,width_1
260,clean,clean_0
261,latch_inference,latch_1
262,blocking_misuse,blocking_1
263,multi_driver,mdrv_1
264,multi_driver,mdrv_0
265,clean,clean_0
266,missing_default,case_1
267,blocking_misuse,blocking_1
268,width_mismatch,width_0
269,latch_inference,latch_0
270,syntax_error,syntax_0
271,clean,clean_0
272,clean,clean_0
273,latch_inference,latch_1
274,blocking_misuse,blocking_0
275,comb_loop,loop_1
276,clean,clean_0
277,comb_loop,loop_1
278,width_mismatch,width_1
279,blocking_misuse,blocking_1
280,blocking_misuse,blocking_0
281,blocking_misuse,blocking_0
282,width_mismatch,width_1
283,clean,clean_0
284,comb_loop,loop_0
285,clean,clean_0
286,clean,clean_0
287,clean,clean_0
288,syntax_error,syntax_1
289,syntax_error,syntax_0
290,clean,clean_0
291,width_mismatch,width_0
292,clean,clean_0
293,missing_default,case_0
294,syntax_error,syntax_1
295,latch_inference,latch_1
296,blocking_misuse,blocking_1
297,comb_loop,loop_1
298,syntax_error,syntax_0
299,syntax_error,syntax_0
300,blocking_misuse,blocking_0
301,unused_signal,unused_1
302,blocking_misuse,blocking_1
303,unused_signal,unused_1
304,blocking_misuse,blocking_0
305,clean,clean_0
306,latch_inference,latch_1
307,missing_default,case_0
308,unused_signal,unused_0
309,missing_default,case_0
310,syntax_error,syntax_0
311,syntax_error,syntax_1
312,blocking_misuse,blocking_0
313,comb_loop,loop_1
314,width_mismatch,width_0
315,unused_signal,unused_0
316,multi_driver,mdrv_1
317,syntax_error,syntax_1
318,comb_loop,loop_1
319,missing_default,case_1
320,latch_inference,latch_1
321,clean,clean_0
322,latch_inference,latch_0
323,multi_driver,mdrv_1
324,unused_signal,unused_0
325,multi_driver,mdrv_0
326,syntax_error,syntax_1
327,blocking_misuse,blocking_0
328,missing_default,case_0
329,comb_loop,loop_0
330,width_mismatch,width_1
331,clean,clean_0
332,comb_loop,loop_0
333,blocking_misuse,blocking_0
334,syntax_error,syntax_1
335,clean,clean_0
336,blocking_misuse,blocking_1
337,syntax_error,syntax_0
338,clean,clean_0
339,clean,clean_0
340,clean,clean_0
341,clean,clean_0
342,missing_default,case_0
343,clean,clean_0
344,missing_default,case_1
345,clean,clean_0
346,missing_default,case_0
347,clean,clean_0
348,width_mismatch,width_1
349,unused_signal,unused_1
350,comb_loop,loop_0
351,multi_driver,mdrv_0
352,clean,clean_0
353,multi_driver,mdrv_1
354,unused_signal,unused_0
355,clean,clean_0
356,latch_inference,latch_0
357,clean,clean_0
358,unused_signal,unused_1
359,blocking_misuse,blocking_0
360,latch_inference,latch_1
361,missing_default,case_1
362,syntax_error,syntax_1
363,blocking_misuse,blocking_1
364,width_mismatch,width_1
365,multi_driver,mdrv_0
366,clean,clean_0
367,blocking_misuse,blocking_0
368,clean,clean_0
369,unused_signal,unused_0
370,clean,clean_0
371,width_mismatch,width_0
372,unused_signal,unused_0
373,comb_loop,loop_0
374,unused_signal,unused_1
375,syntax_error,syntax_1
376,width_mismatch,width_0
377,multi_driver,mdrv_1
378,unused_signal,unused_1
379,blocking_misuse,blocking_1
380,clean,clean_0
381,width_mismatch,width_1
382,unused_signal,unused_0
383,comb_loop,loop_1
384,multi_driver,mdrv_1
385,multi_driver,mdrv_0
386,blocking_misuse,blocking_1
387,latch_inference,latch_0
388,clean,clean_0
389,clean,clean_0
390,clean,clean_0
391,blocking_misuse,blocking_0
392,syntax_error,syntax_0
393,syntax_error,syntax_0
394,unused_signal,unused_0
395,clean,clean_0
396,latch_inference,latch_1
397,blocking_misuse,blocking_1
398,multi_driver,mdrv_0
399,clean,clean_0
400,blocking_misuse,blocking_1
401,blocking_misuse,blocking_1
402,missing_default,case_0
403,blocking_misuse,blocking_1
404,multi_driver,mdrv_1
405,multi_driver,mdrv_0
406,latch_inference,latch_1
407,clean,clean_0
408,comb_loop,loop_1
409,multi_driver,mdrv_0
410,unused_signal,unused_1
411,clean,clean_0
412,missing_default,case_1
413,blocking_misuse,blocking_1
414,blocking_misuse,blocking_0
415,latch_inference,latch_0
416,blocking_misuse,blocking_0
417,comb_loop,loop_0
418,clean,clean_0
419,width_mismatch,width_1
420,blocking_misuse,blocking_0
421,blocking_misuse,blocking_0
422,comb_loop,loop_0
423,clean,clean_0
424,missing_default,case_1
425,syntax_error,syntax_0
426,blocking_misuse,blocking_0
427,multi_driver,mdrv_1
428,clean,clean_0
429,comb_loop,loop_1
430,unused_signal,unused_1
431,unused_signal,unused_1
432,latch_inference,latch_0
433,clean,clean_0
434,latch_inference,latch_1
435,clean,clean_0
436,clean,clean_0
437,missing_default,case_1
438,multi_driver,mdrv_0
439,clean,clean_0
440,blocking_misuse,blocking_0
441,latch_inference,latch_0
442,comb_loop,loop_1
443,latch_inference,latch_0
444,unused_signal,unused_1
445,clean,clean_0
446,clean,clean_0
447,latch_inference,latch_0
448,clean,clean_0
449,missing_default,case_0
450,syntax_error,syntax_0
451,comb_loop,loop_1
452,syntax_error,syntax_0
453,clean,clean_0
454,multi_driver,mdrv_0
455,width_mismatch,width_0
456,latch_inference,latch_1
457,comb_loop,loop_1
458,latch_inference,latch_1
459,unused_signal,unused_0
460,multi_driver,mdrv_0
461,clean,clean_0
462,comb_loop,loop_0
463,clean,clean_0
464,comb_loop,loop_0
465,width_mismatch,width_0
466,width_mismatch,width_0
467,clean,clean_0
468,clean,clean_0
469,syntax_error,syntax_0
470,comb_loop,loop_0
471,missing_default,case_0
472,comb_loop,loop_0
473,blocking_misuse,blocking_0
474,width_mismatch,width_1
475,clean,clean_0
476,blocking_misuse,blocking_0
477,clean,clean_0
478,clean,clean_0
479,missing_default,case_0
480,unused_signal,unused_0
481,clean,clean_0
482,clean,clean_0
483,missing_default,case_0
484,clean,clean_0
485,multi_driver,mdrv_1
486,missing_default,case_0
487,unused_signal,unused_1
488,clean,clean_0
489,multi_driver,mdrv_0
490,syntax_error,syntax_0
491,missing_default,case_0
492,multi_driver,mdrv_0
493,missing_default,case_0
494,missing_default,case_1
495,multi_driver,mdrv_0
496,clean,clean_0
497,unused_signal,unused_1
498,blocking_misuse,blocking_0
499,clean,clean_0
500,missing_default,case_1
501,syntax_error,syntax_1
502,unused_signal,unused_1
503,width_mismatch,width_1
504,clean,clean_0
505,syntax_error,syntax_1
506,width_mismatch,width_1
507,clean,clean_0
508,clean,clean_0
509,unused_signal,unused_1
510,unused_signal,unused_1
511,clean,clean_0
512,syntax_error,syntax_1
513,clean,clean_0
514,unused_signal,unused_0
515,width_mismatch,width_0
516,multi_driver,mdrv_1
517,clean,clean_0
518,blocking_misuse,blocking_0
519,multi_driver,mdrv_0
520,unused_signal,unused_1
521,width_mismatch,width_1
522,missing_default,case_1
523,multi_driver,mdrv_0
524,unused_signal,unused_0
525,blocking_misuse,blocking_1
526,syntax_error,syntax_0
527,syntax_error,syntax_1
528,clean,clean_0
529,clean,clean_0
530,latch_inference,latch_0
531,multi_driver,mdrv_1
532,multi_driver,mdrv_0
533,clean,clean_0
534,width_mismatch,width_1
535,syntax_error,syntax_1
536,syntax_error,syntax_0
537,comb_loop,loop_1
538,missing_default,case_0
539,syntax_error,syntax_0
540,blocking_misuse,blocking_0
541,multi_driver,mdrv_0
542,missing_default,case_0
543,unused_signal,unused_0
544,latch_inference,latch_1
545,syntax_error,syntax_0
546,clean,clean_0
547,width_mismatch,width_0
548,blocking_misuse,blocking_1
549,clean,clean_0
550,clean,clean_0
551,syntax_error,syntax_1
552,blocking_misuse,blocking_0
553,clean,clean_0
554,comb_loop,loop_1
555,clean,clean_0
556,comb_loop,loop_1
557,clean,clean_0
558,missing_default,case_1
559,blocking_misuse,blocking_1
560,width_mismatch,width_1
561,comb_loop,loop_0
562,comb_loop,loop_0
563,clean,clean_0
564,latch_inference,latch_1
565,comb_loop,loop_1
566,clean,clean_0
567,multi_driver,mdrv_0
568,syntax_error,syntax_1
569,unused_signal,unused_1
570,clean,clean_0
571,unused_signal,unused_0
572,width_mismatch,width_0
573,blocking_misuse,blocking_1
574,clean,clean_0
575,comb_loop,loop_1
576,unused_signal,unused_0
577,multi_driver,mdrv_1
578,unused_signal,unused_1
579,latch_inference,latch_0
580,comb_loop,loop_1
581,clean,clean_0
582,comb_loop,loop_1
583,width_mismatch,width_1
584,multi_driver,mdrv_1
585,multi_driver,mdrv_0
586,syntax_error,syntax_0
587,unused_signal,unused_1
588,missing_default,case_0
589,multi_driver,mdrv_1
590,missing_default,case_0
591,latch_inference,latch_1
592,syntax_error,syntax_1
593,width_mismatch,width_1
594,syntax_error,syntax_1
595,unused_signal,unused_0
596,missing_default,case_0
597,missing_default,case_1
598,comb_loop,loop_0
599,unused_signal,unused_0
600,latch_inference,latch_1
601,multi_driver,mdrv_0
602,width_mismatch,width_1
603,comb_loop,loop_1
604,clean,clean_0
605,syntax_error,syntax_1
606,missing_default,case_1
607,width_mismatch,width_0
608,latch_inference,latch_0
609,multi_driver,mdrv_0
610,width_mismatch,width_1
611,clean,clean_0
612,clean,clean_0
613,blocking_misuse,blocking_0
614,unused_signal,unused_0
615,blocking_misuse,blocking_0
616,clean,clean_0
617,unused_signal,unused_0
618,latch_inference,latch_1
619,latch_inference,latch_0
620,latch_inference,latch_1
621,latch_inference,latch_0
622,multi_driver,mdrv_0
623,comb_loop,loop_0
624,width_mismatch,width_1
625,unused_signal,unused_1
626,clean,clean_0
627,blocking_misuse,blocking_0
628,unused_signal,unused_1
629,unused_signal,unused_0
630,unused_signal,unused_0
631,latch_inference,latch_1
632,comb_loop,loop_0
633,clean,clean_0
634,multi_driver,mdrv_0
635,width_mismatch,width_0
636,multi_driver,mdrv_0
637,multi_driver,mdrv_0
638,latch_inference,latch_0
639,latch_inference,latch_1
640,clean,clean_0
641,blocking_misuse,blocking_0
642,unused_signal,unused_0
643,clean,clean_0
644,multi_driver,mdrv_1
645,unused_signal,unused_0
646,unused_signal,unused_0
647,clean,clean_0
648,syntax_error,syntax_0
649,blocking_misuse,blocking_0
650,blocking_misuse,blocking_0
651,comb_loop,loop_1
652,width_mismatch,width_1
653,width_mismatch,width_0
654,latch_inference,latch_0
655,width_mismatch,width_0
656,comb_loop,loop_1
657,clean,clean_0
658,clean,clean_0
659,blocking_misuse,blocking_0
660,clean,clean_0
661,clean,clean_0
662,clean,clean_0
663,blocking_misuse,blocking_1
664,blocking_misuse,blocking_0
665,width_mismatch,width_1
666,blocking_misuse,blocking_0
667,unused_signal,unused_0
668,clean,clean_0
669,comb_loop,loop_0
670,width_mismatch,width_0
671,blocking_misuse,blocking_1
672,latch_inference,latch_1
673,clean,clean_0
674,unused_signal,unused_1
675,blocking_misuse,blocking_1
676,missing_default,case_0
677,latch_inference,latch_0
678,syntax_error,syntax_1
679,multi_driver,mdrv_1
680,multi_driver,mdrv_0
681,syntax_error,syntax_0
682,clean,clean_0
683,unused_signal,unused_1
684,missing_default,case_0
685,clean,clean_0
686,clean,clean_0
687,blocking_misuse,blocking_0
688,latch_inference,latch_0
689,width_mismatch,width_0
690,width_mismatch,width_1
691,multi_driver,mdrv_0
692,clean,clean_0
693,latch_inference,latch_0
694,comb_loop,loop_0
695,missing_default,case_1
696,unused_signal,unused_0
697,clean,clean_0
698,blocking_misuse,blocking_0
699,blocking_misuse,blocking_1
700,unused_signal,unused_1
701,clean,clean_0
702,clean,clean_0
703,syntax_error,syntax_1
704,missing_default,case_1
705,missing_default,case_0
706,latch_inference,latch_0
707,multi_driver,mdrv_0
708,clean,clean_0
709,clean,clean_0
710,clean,clean_0
711,unused_signal,unused_1
712,clean,clean_0
713,syntax_error,syntax_1
714,width_mismatch,width_1
715,comb_loop,loop_0
716,comb_loop,loop_1
717,clean,clean_0
718,blocking_misuse,blocking_0
719,comb_loop,loop_0
720,missing_default,case_1
721,syntax_error,syntax_1
722,clean,clean_0
723,unused_signal,unused_0
724,clean,clean_0
725,missing_default,case_0
726,unused_signal,unused_0
727,clean,clean_0
728,clean,clean_0
729,comb_loop,loop_0
730,clean,clean_0
731,latch_inference,latch_1
732,syntax_error,syntax_0
733,clean,clean_0
734,clean,clean_0
735,clean,clean_0
736,width_mismatch,width_1
737,multi_driver,mdrv_0
738,comb_loop,loop_0
739,latch_inference,latch_0
740,comb_loop,loop_1
741,latch_inference,latch_0
742,clean,clean_0
743,latch_inference,latch_0
744,clean,clean_0
745,unused_signal,unused_1
746,syntax_error,syntax_1
747,clean,clean_0
748,latch_inference,latch_1
749,clean,clean_0
750,comb_loop,loop_1
751,latch_inference,latch_1
752,missing_default,case_1
753,multi_driver,mdrv_0
754,unused_signal,unused_0
755,syntax_error,syntax_1
756,multi_driver,mdrv_1
757,width_mismatch,width_0
758,latch_inference,latch_1
759,comb_loop,loop_0
760,unused_signal,unused_1
761,clean,clean_0
762,clean,clean_0
763,syntax_error,syntax_1
764,width_mismatch,width_0
765,unused_signal,unused_1
766,syntax_error,syntax_1
767,unused_signal,unused_1
768,clean,clean_0
769,clean,clean_0
770,comb_loop,loop_0
771,width_mismatch,width_1
772,latch_inference,latch_0
773,width_mismatch,width_1
774,clean,clean_0
775,unused_signal,unused_1
776,unused_signal,unused_0
777,clean,clean_0
778,missing_default,case_1
779,width_mismatch,width_1
780,clean,clean_0
781,unused_signal,unused_1
782,clean,clean_0
783,multi_driver,mdrv_1
784,clean,clean_0
785,multi_driver,mdrv_0
786,syntax_error,syntax_0
787,clean,clean_0
788,comb_loop,loop_0
789,blocking_misuse,blocking_0
790,latch_inference,latch_0
791,clean,clean_0
792,latch_inference,latch_1
793,clean,clean_0
794,clean,clean_0
795,syntax_error,syntax_0
796,comb_loop,loop_1
797,latch_inference,latch_1
798,width_mismatch,width_0
799,width_mismatch,width_0
800,comb_loop,loop_0
801,clean,clean_0
802,clean,clean_0
803,unused_signal,unused_1
804,syntax_error,syntax_0
805,width_mismatch,width_1
806,clean,clean_0
807,missing_default,case_1
808,syntax_error,syntax_1
809,latch_inference,latch_0
810,comb_loop,loop_1
811,clean,clean_0
812,latch_inference,latch_1
813,missing_default,case_1
814,blocking_misuse,blocking_0
815,multi_driver,mdrv_1
816,latch_inference,latch_1
817,multi_driver,mdrv_0
818,width_mismatch,width_0
819,width_mismatch,width_1
820,clean,clean_0
821,latch_inference,latch_1
822,blocking_misuse,blocking_0
823,clean,clean_0
824,width_mismatch,width_0
825,blocking_misuse,blocking_1
826,latch_inference,latch_0
827,multi_driver,mdrv_0
828,clean,clean_0
829,unused_signal,unused_1
830,syntax_error,syntax_0
831,comb_loop,loop_0
832,missing_default,case_0
833,syntax_error,syntax_1
834,multi_driver,mdrv_1
835,width_mismatch,width_1
836,clean,clean_0
837,syntax_error,syntax_1
838,comb_loop,loop_1
839,comb_loop,loop_1
840,unused_signal,unused_1
841,multi_driver,mdrv_0
842,clean,clean_0
843,comb_loop,loop_0
844,missing_default,case_1
845,multi_driver,mdrv_0
846,comb_loop,loop_1
847,missing_default,case_0
848,comb_loop,loop_1
849,clean,clean_0
850,multi_driver,mdrv_1
851,clean,clean_0
852,clean,clean_0
853,clean,clean_0
854,unused_signal,unused_1
855,multi_driver,mdrv_1
856,clean,clean_0
857,width_mismatch,width_0
858,latch_inference,latch_0
859,blocking_misuse,blocking_1
860,missing_default,case_0
861,multi_driver,mdrv_0
862,latch_inference,latch_1
863,unused_signal,unused_1
864,clean,clean_0
865,blocking_misuse,blocking_1
866,multi_driver,mdrv_1
867,latch_inference,latch_0
868,clean,clean_0
869,syntax_error,syntax_1
870,clean,clean_0
871,comb_loop,loop_1
872,syntax_error,syntax_0
873,width_mismatch,width_1
874,width_mismatch,width_1
875,clean,clean_0
876,syntax_error,syntax_1
877,multi_driver,mdrv_0
878,multi_driver,mdrv_0
879,syntax_error,syntax_1
880,unused_signal,unused_1
881,clean,clean_0
882,blocking_misuse,blocking_1
883,unused_signal,unused_1
884,unused_signal,unused_1
885,unused_signal,unused_0
886,comb_loop,loop_0
887,unused_signal,unused_0
888,multi_driver,mdrv_1
889,latch_inference,latch_0
890,clean,clean_0
891,unused_signal,unused_0
892,syntax_error,syntax_1
893,comb_loop,loop_0
894,clean,clean_0
895,width_mismatch,width_1
896,latch_inference,latch_1
897,clean,clean_0
898,clean,clean_0
899,multi_driver,mdrv_0
900,comb_loop,loop_0
901,unused_signal,unused_0
902,comb_loop,loop_0
903,comb_loop,loop_0
904,unused_signal,unused_1
905,multi_driver,mdrv_0
906,latch_inference,latch_0
907,unused_signal,unused_1
908,comb_loop,loop_1
909,clean,clean_0
910,comb_loop,loop_0
911,clean,clean_0
912,unused_signal,unused_1
913,multi_driver,mdrv_1
914,syntax_error,syntax_1
915,multi_driver,mdrv_1
916,comb_loop,loop_1
917,clean,clean_0
918,comb_loop,loop_1
919,multi_driver,mdrv_0
920,clean,clean_0
921,width_mismatch,width_0
922,width_mismatch,width_1
923,clean,clean_0
924,missing_default,case_0
925,width_mismatch,width_1
926,multi_driver,mdrv_1
927,clean,clean_0
928,width_mismatch,width_0
929,latch_inference,latch_1
930,syntax_error,syntax_0
931,width_mismatch,width_1
932,latch_inference,latch_0
933,unused_signal,unused_0
934,blocking_misuse,blocking_1
935,blocking_misuse,blocking_0
936,comb_loop,loop_0
937,clean,clean_0
938,latch_inference,latch_0
939,comb_loop,loop_0
940,clean,clean_0
941,width_mismatch,width_1
942,unused_signal,unused_0
943,blocking_misuse,blocking_0
944,unused_signal,unused_1
945,syntax_error,syntax_1
946,latch_inference,latch_1
947,syntax_error,syntax_0
948,width_mismatch,width_0
949,width_mismatch,width_1
950,blocking_misuse,blocking_0
951,comb_loop,loop_0
952,multi_driver,mdrv_1
953,clean,clean_0
954,clean,clean_0
955,clean,clean_0
956,clean,clean_0
957,multi_driver,mdrv_1
958,comb_loop,loop_1
959,width_mismatch,width_0
960,clean,clean_0
961,width_mismatch,width_0
962,syntax_error,syntax_1
963,latch_inference,latch_0
964,latch_inference,latch_1
965,comb_loop,loop_1
966,missing_default,case_1
967,clean,clean_0
968,multi_driver,mdrv_1
969,latch_inference,latch_0
970,comb_loop,loop_1
971,clean,clean_0
972,unused_signal,unused_0
973,width_mismatch,width_0
974,unused_signal,unused_1
975,clean,clean_0
976,multi_driver,mdrv_0
977,multi_driver,mdrv_0
978,clean,clean_0
979,unused_signal,unused_1
980,blocking_misuse,blocking_1
981,clean,clean_0
982,clean,clean_0
983,width_mismatch,width_1
984,unused_signal,unused_0
985,width_mismatch,width_0
986,blocking_misuse,blocking_1
987,unused_signal,unused_0
988,comb_loop,loop_1
989,width_mismatch,width_1
990,syntax_error,syntax_0
991,clean,clean_0
992,syntax_error,syntax_0
993,blocking_misuse,blocking_1
994,unused_signal,unused_0
995,comb_loop,loop_0
996,clean,clean_0
997,missing_default,case_1
998,multi_driver,mdrv_1
999,missing_default,case_1
1000,unused_signal,unused_1
1001,comb_loop,loop_0
1002,clean,clean_0
1003,width_mismatch,width_1
1004,comb_loop,loop_1
1005,blocking_misuse,blocking_0
1006,unused_signal,unused_1
1007,latch_inference,latch_1
1008,clean,clean_0
1009,width_mismatch,width_0
1010,width_mismatch,width_0
1011,unused_signal,unused_1
1012,syntax_error,syntax_0
1013,width_mismatch,width_1
1014,clean,clean_0
1015,clean,clean_0
1016,latch_inference,latch_1
1017,width_mismatch,width_0
1018,blocking_misuse,blocking_1
1019,syntax_error,syntax_0
1020,blocking_misuse,blocking_1
1021,clean,clean_0
1022,clean,clean_0
1023,blocking_misuse,blocking_1
1024,syntax_error,syntax_0
1025,unused_signal,unused_0
1026,clean,clean_0
1027,clean,clean_0
1028,comb_loop,loop_1
1029,clean,clean_0
1030,latch_inference,latch_1
1031,width_mismatch,width_0
1032,comb_loop,loop_1
1033,clean,clean_0
1034,multi_driver,mdrv_0
1035,clean,clean_0
1036,syntax_error,syntax_1
1037,clean,clean_0
1038,width_mismatch,width_0
1039,blocking_misuse,blocking_0
1040,missing_default,case_0
1041,width_mismatch,width_1
1042,clean,clean_0
1043,unused_signal,unused_1
1044,missing_default,case_1
1045,latch_inference,latch_0
1046,latch_inference,latch_1
1047,multi_driver,mdrv_0
1048,comb_loop,loop_0
1049,multi_driver,mdrv_1
1050,clean,clean_0
1051,clean,clean_0
1052,clean,clean_0
1053,clean,clean_0
1054,clean,clean_0
1055,multi_driver,mdrv_1
1056,comb_loop,loop_1
1057,clean,clean_0
1058,unused_signal,unused_0
1059,unused_signal,unused_0
1060,width_mismatch,width_1
1061,unused_signal,unused_1
1062,blocking_misuse,blocking_0
1063,multi_driver,mdrv_1
1064,syntax_error,syntax_0
1065,unused_signal,unused_0
1066,clean,clean_0
1067,unused_signal,unused_0
1068,comb_loop,loop_0
1069,latch_inference,latch_0
1070,missing_default,case_1
1071,clean,clean_0
1072,missing_default,case_1
1073,syntax_error,syntax_0
1074,clean,clean_0
1075,clean,clean_0
1076,latch_inference,latch_0
1077,clean,clean_0
1078,unused_signal,unused_1
1079,latch_inference,latch_1
1080,clean,clean_0
1081,width_mismatch,width_0
1082,clean,clean_0
1083,multi_driver,mdrv_0
1084,unused_signal,unused_0
1085,syntax_error,syntax_1
1086,clean,clean_0
1087,missing_default,case_1
1088,unused_signal,unused_0
1089,width_mismatch,width_1
1090,missing_default,case_1
1091,clean,clean_0
1092,clean,clean_0
1093,comb_loop,loop_1
1094,latch_inference,latch_0
1095,unused_signal,unused_0
1096,width_mismatch,width_0
1097,unused_signal,unused_1
1098,missing_default,case_0
1099,blocking_misuse,blocking_0
1100,clean,clean_0
1101,unused_signal,unused_0
1102,latch_inference,latch_1
1103,missing_default,case_0
1104,clean,clean_0
1105,latch_inference,latch_0
1106,multi_driver,mdrv_1
1107,width_mismatch,width_0
1108,comb_loop,loop_1
1109,width_mismatch,width_1
1110,missing_default,case_1
1111,clean,clean_0
1112,clean,clean_0
1113,clean,clean_0
1114,blocking_misuse,blocking_0
1115,clean,clean_0
1116,multi_driver,mdrv_0
1117,width_mismatch,width_1
1118,unused_signal,unused_0
1119,multi_driver,mdrv_1
1120,blocking_misuse,blocking_0
1121,clean,clean_0
1122,comb_loop,loop_1
1123,latch_inference,latch_0
1124,blocking_misuse,blocking_0
1125,missing_default,case_0
1126,multi_driver,mdrv_1
1127,multi_driver,mdrv_0
1128,blocking_misuse,blocking_0
1129,clean,clean_0
1130,syntax_error,syntax_1
1131,multi_driver,mdrv_1
1132,unused_signal,unused_1
1133,multi_driver,mdrv_0
1134,multi_driver,mdrv_0
1135,blocking_misuse,blocking_1
1136,latch_inference,latch_1
1137,comb_loop,loop_0
1138,width_mismatch,width_0
1139,comb_loop,loop_1
1140,syntax_error,syntax_0
1141,unused_signal,unused_0
1142,width_mismatch,width_0
1143,multi_driver,mdrv_1
1144,unused_signal,unused_1
1145,comb_loop,loop_0
1146,unused_signal,unused_0
1147,clean,clean_0
1148,blocking_misuse,blocking_1
1149,clean,clean_0
1150,comb_loop,loop_1
1151,latch_inference,latch_0
1152,width_mismatch,width_0
1153,missing_default,case_0
1154,latch_inference,latch_1
1155,clean,clean_0
1156,missing_default,case_1
1157,width_mismatch,width_1
1158,width_mismatch,width_1
1159,width_mismatch,width_1
1160,clean,clean_0
1161,clean,clean_0
1162,clean,clean_0
1163,multi_driver,mdrv_1
1164,comb_loop,loop_0
1165,unused_signal,unused_0
1166,multi_driver,mdrv_1
1167,clean,clean_0
1168,multi_driver,mdrv_0
1169,multi_driver,mdrv_1
1170,latch_inference,latch_1
1171,unused_signal,unused_0
1172,comb_loop,loop_1
1173,multi_driver,mdrv_1
1174,missing_default,case_1
1175,clean,clean_0
1176,clean,clean_0
1177,blocking_misuse,blocking_1
1178,width_mismatch,width_0
1179,blocking_misuse,blocking_1
1180,syntax_error,syntax_1
1181,blocking_misuse,blocking_1
1182,clean,clean_0
1183,missing_default,case_1
1184,latch_inference,latch_0
1185,clean,clean_0
1186,blocking_misuse,blocking_1
1187,clean,clean_0
1188,latch_inference,latch_0
1189,comb_loop,loop_1
1190,clean,clean_0
1191,clean,clean_0
1192,clean,clean_0
1193,multi_driver,mdrv_1
1194,syntax_error,syntax_1
1195,clean,clean_0
1196,latch_inference,latch_0
1197,syntax_error,syntax_1
1198,blocking_misuse,blocking_0
1199,syntax_error,syntax_1
1200,clean,clean_0
1201,clean,clean_0
1202,comb_loop,loop_0
1203,clean,clean_0
1204,clean,clean_0
1205,latch_inference,latch_1
1206,latch_inference,latch_0
1207,width_mismatch,width_0
1208,syntax_error,syntax_1
1209,comb_loop,loop_1
1210,clean,clean_0
1211,clean,clean_0
1212,comb_loop,loop_0
1213,comb_loop,loop_0
1214,width_mismatch,width_0
1215,latch_inference,latch_1
1216,clean,clean_0
1217,width_mismatch,width_1
1218,multi_driver,mdrv_0
1219,latch_inference,latch_1
1220,clean,clean_0
1221,comb_loop,loop_0
1222,blocking_misuse,blocking_1
1223,latch_inference,latch_1
1224,clean,clean_0
1225,width_mismatch,width_1
1226,blocking_misuse,blocking_1
1227,multi_driver,mdrv_1
1228,multi_driver,mdrv_0
1229,blocking_misuse,blocking_0
1230,width_mismatch,width_0
1231,missing_default,case_0
1232,blocking_misuse,blocking_0
1233,clean,clean_0
1234,clean,clean_0
1235,width_mismatch,width_1
1236,blocking_misuse,blocking_1
1237,unused_signal,unused_1
1238,comb_loop,loop_0
1239,latch_inference,latch_1
1240,missing_default,case_0
1241,blocking_misuse,blocking_0
1242,blocking_misuse,blocking_0
1243,clean,clean_0
1244,missing_default,case_0
1245,blocking_misuse,blocking_1
1246,unused_signal,unused_0
1247,multi_driver,mdrv_0
1248,blocking_misuse,blocking_0
1249,clean,clean_0
1250,width_mismatch,width_0
1251,clean,clean_0
1252,syntax_error,syntax_1
1253,width_mismatch,width_1
1254,multi_driver,mdrv_0
1255,unused_signal,unused_1
1256,blocking_misuse,blocking_0
1257,missing_default,case_1
1258,width_mismatch,width_1
1259,width_mismatch,width_1
1260,latch_inference,latch_1
1261,clean,clean_0
1262,unused_signal,unused_1
1263,missing_default,case_1
1264,clean,clean_0
1265,unused_signal,unused_0
1266,width_mismatch,width_1
1267,multi_driver,mdrv_0
1268,clean,clean_0
1269,width_mismatch,width_0
1270,unused_signal,unused_1
1271,syntax_error,syntax_1
1272,multi_driver,mdrv_1
1273,multi_driver,mdrv_1
1274,clean,clean_0
1275,clean,clean_0
1276,width_mismatch,width_0
1277,syntax_error,syntax_1
1278,width_mismatch,width_1
1279,clean,clean_0
1280,width_mismatch,width_1
1281,latch_inference,latch_1
1282,blocking_misuse,blocking_0
1283,blocking_misuse,blocking_1
1284,missing_default,case_0
1285,blocking_misuse,blocking_0
1286,missing_default,case_0
1287,latch_inference,latch_0
1288,clean,clean_0
1289,comb_loop,loop_1
1290,width_mismatch,width_0
1291,clean,clean_0
1292,blocking_misuse,blocking_0
1293,unused_signal,unused_0
1294,latch_inference,latch_1
1295,multi_driver,mdrv_1
1296,syntax_error,syntax_1
1297,clean,clean_0
1298,unused_signal,unused_0
1299,comb_loop,loop_1
1300,clean,clean_0
1301,missing_default,case_0
1302,blocking_misuse,blocking_1
1303,clean,clean_0
1304,clean,clean_0
1305,syntax_error,syntax_0
1306,multi_driver,mdrv_1
1307,latch_inference,latch_1
1308,syntax_error,syntax_0
1309,unused_signal,unused_0
1310,clean,clean_0
1311,missing_default,case_1
1312,clean,clean_0
1313,comb_loop,loop_0
1314,multi_driver,mdrv_0
1315,missing_default,case_0
1316,clean,clean_0
1317,width_mismatch,width_0
1318,multi_driver,mdrv_0
1319,latch_inference,latch_0
1320,latch_inference,latch_1
1321,missing_default,case_1
1322,clean,clean_0
1323,clean,clean_0
1324,clean,clean_0
1325,missing_default,case_0
1326,syntax_error,syntax_0
1327,comb_loop,loop_0
1328,width_mismatch,width_1
1329,comb_loop,loop_0
1330,syntax_error,syntax_1
1331,unused_signal,unused_0
1332,multi_driver,mdrv_1
1333,clean,clean_0
1334,width_mismatch,width_1
1335,multi_driver,mdrv_1
1336,comb_loop,loop_1
1337,syntax_error,syntax_0
1338,comb_loop,loop_0
1339,latch_inference,latch_1
1340,blocking_misuse,blocking_1
1341,multi_driver,mdrv_0
1342,syntax_error,syntax_0
1343,comb_loop,loop_1
1344,blocking_misuse,blocking_1
1345,latch_inference,latch_0
1346,unused_signal,unused_1
1347,clean,clean_0
1348,blocking_misuse,blocking_1
1349,clean,clean_0
1350,width_mismatch,width_1
1351,clean,clean_0
1352,missing_default,case_1
1353,unused_signal,unused_0
1354,clean,clean_0
1355,clean,clean_0
1356,unused_signal,unused_1
1357,width_mismatch,width_1
1358,blocking_misuse,blocking_1
1359,blocking_misuse,blocking_0
1360,comb_loop,loop_0
1361,clean,clean_0
1362,syntax_error,syntax_0
1363,blocking_misuse,blocking_1
1364,blocking_misuse,blocking_0
1365,latch_inference,latch_1
1366,unused_signal,unused_1
1367,syntax_error,syntax_1
1368,syntax_error,syntax_1
1369,syntax_error,syntax_1
1370,multi_driver,mdrv_1
1371,clean,clean_0
1372,clean,clean_0
1373,multi_driver,mdrv_0
1374,unused_signal,unused_1
1375,missing_default,case_0
1376,multi_driver,mdrv_0
1377,clean,clean_0
1378,latch_inference,latch_0
1379,unused_signal,unused_0
1380,comb_loop,loop_0
1381,unused_signal,unused_1
1382,syntax_error,syntax_1
1383,clean,clean_0
1384,unused_signal,unused_0
1385,latch_inference,latch_0
1386,missing_default,case_0
1387,clean,clean_0
1388,syntax_error,syntax_1
1389,clean,clean_0
1390,syntax_error,syntax_1
1391,latch_inference,latch_0
1392,comb_loop,loop_0
1393,blocking_misuse,blocking_0
1394,multi_driver,mdrv_1
1395,comb_loop,loop_0
1396,width_mismatch,width_0
1397,clean,clean_0
1398,width_mismatch,width_1
1399,missing_default,case_0
1400,missing_default,case_1
1401,clean,clean_0
1402,width_mismatch,width_1
1403,blocking_misuse,blocking_0
1404,missing_default,case_0
1405,clean,clean_0
1406,comb_loop,loop_0
1407,syntax_error,syntax_0
1408,multi_driver,mdrv_0
1409,missing_default,case_1
1410,latch_inference,latch_1
1411,clean,clean_0
1412,unused_signal,unused_0
1413,clean,clean_0
1414,width_mismatch,width_1
1415,blocking_misuse,blocking_1
1416,comb_loop,loop_1
1417,comb_loop,loop_1
1418,multi_driver,mdrv_1
1419,clean,clean_0
1420,syntax_error,syntax_0
1421,latch_inference,latch_1
1422,unused_signal,unused_1
1423,comb_loop,loop_0
1424,clean,clean_0
1425,missing_default,case_1
1426,multi_driver,mdrv_1
1427,multi_driver,mdrv_1
1428,clean,clean_0
1429,multi_driver,mdrv_1
1430,blocking_misuse,blocking_0
1431,syntax_error,syntax_0
1432,latch_inference,latch_1
1433,blocking_misuse,blocking_1
1434,clean,clean_0
1435,latch_inference,latch_1
1436,blocking_misuse,blocking_1
1437,multi_driver,mdrv_0
1438,missing_default,case_1
1439,syntax_error,syntax_1
1440,width_mismatch,width_1
1441,clean,clean_0
1442,missing_default,case_0
1443,comb_loop,loop_1
1444,multi_driver,mdrv_1
1445,multi_driver,mdrv_0
1446,syntax_error,syntax_0
1447,multi_driver,mdrv_1
1448,unused_signal,unused_0
1449,width_mismatch,width_0
1450,width_mismatch,width_1
1451,blocking_misuse,blocking_0
1452,width_mismatch,width_1
1453,syntax_error,syntax_1
1454,clean,clean_0
1455,syntax_error,syntax_0
1456,clean,clean_0
1457,unused_signal,unused_0
1458,clean,clean_0
1459,missing_default,case_0
1460,clean,clean_0
1461,multi_driver,mdrv_0
1462,clean,clean_0
1463,comb_loop,loop_0
1464,unused_signal,unused_0
1465,latch_inference,latch_1
1466,blocking_misuse,blocking_0
1467,syntax_error,syntax_1
1468,clean,clean_0
1469,syntax_error,syntax_1
1470,blocking_misuse,blocking_1
1471,clean,clean_0
1472,comb_loop,loop_0
1473,clean,clean_0
1474,latch_inference,latch_1
1475,multi_driver,mdrv_1
1476,syntax_error,syntax_1
1477,clean,clean_0
1478,multi_driver,mdrv_1
1479,clean,clean_0
1480,width_mismatch,width_0
1481,width_mismatch,width_0
1482,width_mismatch,width_1
1483,latch_inference,latch_1
1484,multi_driver,mdrv_1
1485,width_mismatch,width_0
1486,comb_loop,loop_0
1487,syntax_error,syntax_0
1488,unused_signal,unused_0
1489,syntax_error,syntax_1
1490,missing_default,case_0
1491,width_mismatch,width_1
1492,multi_driver,mdrv_1
1493,syntax_error,syntax_0
1494,clean,clean_0
1495,unused_signal,unused_0
1496,comb_loop,loop_0
1497,blocking_misuse,blocking_0
1498,unused_signal,unused_0
1499,missing_default,case_0
1500,blocking_misuse,blocking_0
1501,clean,clean_0
1502,blocking_misuse,blocking_1
1503,syntax_error,syntax_0
1504,missing_default,case_0
1505,clean,clean_0
1506,width_mismatch,width_0
1507,missing_default,case_1
1508,clean,clean_0
1509,missing_default,case_1
1510,width_mismatch,width_0
1511,comb_loop,loop_0
1512,latch_inference,latch_1
1513,latch_inference,latch_1
1514,syntax_error,syntax_1
1515,clean,clean_0
1516,comb_loop,loop_1
1517,blocking_misuse,blocking_0
1518,clean,clean_0
1519,missing_default,case_0
1520,width_mismatch,width_1
1521,width_mismatch,width_1
1522,clean,clean_0
1523,width_mismatch,width_0
1524,width_mismatch,width_1
1525,clean,clean_0
1526,clean,clean_0
1527,blocking_misuse,blocking_1
1528,clean,clean_0
1529,multi_driver,mdrv_1
1530,unused_signal,unused_1
1531,unused_signal,unused_1
1532,clean,clean_0
1533,clean,clean_0
1534,width_mismatch,width_0
1535,syntax_error,syntax_1
1536,comb_loop,loop_1
1537,clean,clean_0
1538,latch_inference,latch_0
1539,blocking_misuse,blocking_0
1540,multi_driver,mdrv_1
1541,clean,clean_0
1542,clean,clean_0
1543,blocking_misuse,blocking_1
1544,syntax_error,syntax_0
1545,latch_inference,latch_0
1546,latch_inference,latch_0
1547,latch_inference,latch_1
1548,clean,clean_0
1549,blocking_misuse,blocking_0
1550,comb_loop,loop_1
1551,width_mismatch,width_1
1552,latch_inference,latch_1
1553,multi_driver,mdrv_0
1554,multi_driver,mdrv_1
1555,blocking_misuse,blocking_0
1556,comb_loop,loop_0
1557,syntax_error,syntax_0
1558,blocking_misuse,blocking_1
1559,syntax_error,syntax_1
1560,clean,clean_0
1561,clean,clean_0
1562,comb_loop,loop_1
1563,missing_default,case_0
1564,clean,clean_0
1565,missing_default,case_0
1566,clean,clean_0
1567,width_mismatch,width_1
1568,syntax_error,syntax_1
1569,clean,clean_0
1570,comb_loop,loop_0
1571,clean,clean_0
1572,unused_signal,unused_1
1573,unused_signal,unused_1
1574,width_mismatch,width_0
1575,width_mismatch,width_0
1576,missing_default,case_0
1577,clean,clean_0
1578,latch_inference,latch_0
1579,multi_driver,mdrv_0
1580,missing_default,case_1
1581,missing_default,case_0
1582,missing_default,case_1
1583,multi_driver,mdrv_0
1584,blocking_misuse,blocking_0
1585,clean,clean_0
1586,syntax_error,syntax_1
1587,clean,clean_0
1588,comb_loop,loop_0
1589,comb_loop,loop_0
1590,width_mismatch,width_0
1591,missing_default,case_0
1592,clean,clean_0
1593,clean,clean_0
1594,clean,clean_0
1595,clean,clean_0
1596,width_mismatch,width_0
1597,clean,clean_0
1598,blocking_misuse,blocking_0
1599,clean,clean_0
1600,clean,clean_0
1601,latch_inference,latch_1
1602,clean,clean_0
1603,multi_driver,mdrv_0
1604,clean,clean_0
1605,latch_inference,latch_1
1606,clean,clean_0
1607,width_mismatch,width_0
1608,clean,clean_0
1609,latch_inference,latch_0
1610,missing_default,case_1
1611,syntax_error,syntax_0
1612,blocking_misuse,blocking_1
1613,multi_driver,mdrv_1
1614,comb_loop,loop_0
1615,width_mismatch,width_0
1616,clean,clean_0
1617,multi_driver,mdrv_0
1618,clean,clean_0
1619,clean,clean_0
1620,unused_signal,unused_1
1621,syntax_error,syntax_0
1622,clean,clean_0
1623,blocking_misuse,blocking_1
1624,blocking_misuse,blocking_0
1625,latch_inference,latch_1
1626,multi_driver,mdrv_0
1627,comb_loop,loop_0
1628,blocking_misuse,blocking_0
1629,unused_signal,unused_0
1630,missing_default,case_0
1631,comb_loop,loop_0
1632,syntax_error,syntax_0
1633,latch_inference,latch_0
1634,latch_inference,latch_0
1635,multi_driver,mdrv_1
1636,comb_loop,loop_1
1637,width_mismatch,width_0
1638,comb_loop,loop_1
1639,comb_loop,loop_1
1640,clean,clean_0
1641,unused_signal,unused_1
1642,latch_inference,latch_0
1643,unused_signal,unused_0
1644,multi_driver,mdrv_0
1645,clean,clean_0
1646,comb_loop,loop_1
1647,syntax_error,syntax_0
1648,multi_driver,mdrv_1
1649,unused_signal,unused_0
1650,comb_loop,loop_1
1651,comb_loop,loop_0
1652,missing_default,case_0
1653,missing_default,case_0
1654,clean,clean_0
1655,unused_signal,unused_0
1656,missing_default,case_0
1657,clean,clean_0
1658,blocking_misuse,blocking_0
1659,multi_driver,mdrv_0
1660,blocking_misuse,blocking_0
1661,latch_inference,latch_0
1662,syntax_error,syntax_0
1663,width_mismatch,width_1
1664,clean,clean_0
1665,unused_signal,unused_1
1666,latch_inference,latch_1
1667,comb_loop,loop_1
1668,comb_loop,loop_1
1669,unused_signal,unused_0
1670,comb_loop,loop_0
1671,comb_loop,loop_0
1672,comb_loop,loop_1
1673,unused_signal,unused_1
1674,width_mismatch,width_0
1675,unused_signal,unused_0
1676,clean,clean_0
1677,width_mismatch,width_1
1678,comb_loop,loop_1
1679,missing_default,case_1
1680,latch_inference,latch_1
1681,blocking_misuse,blocking_0
1682,clean,clean_0
1683,clean,clean_0
1684,comb_loop,loop_1
1685,clean,clean_0
1686,clean,clean_0
1687,multi_driver,mdrv_1
1688,multi_driver,mdrv_0
1689,missing_default,case_0
1690,unused_signal,unused_0
1691,clean,clean_0
1692,multi_driver,mdrv_1
1693,syntax_error,syntax_0
1694,unused_signal,unused_1
1695,comb_loop,loop_1
1696,clean,clean_0
1697,missing_default,case_0
1698,missing_default,case_0
1699,syntax_error,syntax_0
1700,syntax_error,syntax_1
1701,missing_default,case_0
1702,latch_inference,latch_0
1703,width_mismatch,width_1
1704,clean,clean_0
1705,clean,clean_0
1706,blocking_misuse,blocking_0
1707,comb_loop,loop_1
1708,latch_inference,latch_0
1709,syntax_error,syntax_1
1710,clean,clean_0
1711,latch_inference,latch_0
1712,width_mismatch,width_0
1713,comb_loop,loop_0
1714,width_mismatch,width_1
1715,comb_loop,loop_0
1716,unused_signal,unused_1
1717,clean,clean_0
1718,latch_inference,latch_1
1719,unused_signal,unused_1
1720,multi_driver,mdrv_1
1721,comb_loop,loop_1
1722,blocking_misuse,blocking_1
1723,blocking_misuse,blocking_0
1724,clean,clean_0
1725,width_mismatch,width_1
1726,unused_signal,unused_1
1727,latch_inference,latch_0
1728,clean,clean_0
1729,comb_loop,loop_0
1730,width_mismatch,width_0
1731,blocking_misuse,blocking_0
1732,clean,clean_0
1733,comb_loop,loop_1
1734,clean,clean_0
1735,blocking_misuse,blocking_1
1736,width_mismatch,width_0
1737,comb_loop,loop_1
1738,comb_loop,loop_0
1739,blocking_misuse,blocking_1
1740,multi_driver,mdrv_1
1741,missing_default,case_1
1742,clean,clean_0
1743,unused_signal,unused_1
1744,unused_signal,unused_1
1745,comb_loop,loop_1
1746,syntax_error,syntax_1
1747,blocking_misuse,blocking_1
1748,clean,clean_0
1749,missing_default,case_1
1750,width_mismatch,width_1
1751,width_mismatch,width_1
1752,unused_signal,unused_0
1753,unused_signal,unused_1
1754,multi_driver,mdrv_1
1755,syntax_error,syntax_0
1756,latch_inference,latch_1
1757,clean,clean_0
1758,width_mismatch,width_1
1759,syntax_error,syntax_0
1760,latch_inference,latch_1
1761,clean,clean_0
1762,comb_loop,loop_0
1763,width_mismatch,width_0
1764,missing_default,case_1
1765,clean,clean_0
1766,multi_driver,mdrv_1
1767,comb_loop,loop_1
1768,latch_inference,latch_0
1769,latch_inference,latch_1
1770,syntax_error,syntax_0
1771,missing_default,case_1
1772,clean,clean_0
1773,width_mismatch,width_0
1774,missing_default,case_0
1775,clean,clean_0
1776,syntax_error,syntax_1
1777,width_mismatch,width_0
1778,multi_driver,mdrv_0
1779,clean,clean_0
1780,syntax_error,syntax_1
1781,clean,clean_0
1782,multi_driver,mdrv_1
1783,missing_default,case_0
1784,clean,clean_0
1785,clean,clean_0
1786,multi_driver,mdrv_0
1787,blocking_misuse,blocking_0
1788,blocking_misuse,blocking_1
1789,comb_loop,loop_0
1790,syntax_error,syntax_1
1791,clean,clean_0
1792,comb_loop,loop_0
1793,clean,clean_0
1794,clean,clean_0
1795,comb_loop,loop_1
1796,clean,clean_0
1797,latch_inference,latch_0
1798,multi_driver,mdrv_1
1799,clean,clean_0
1800,latch_inference,latch_1
1801,clean,clean_0
1802,blocking_misuse,blocking_0
1803,comb_loop,loop_0
1804,clean,clean_0
1805,clean,clean_0
1806,missing_default,case_0
1807,blocking_misuse,blocking_1
1808,comb_loop,loop_0
1809,syntax_error,syntax_1
1810,comb_loop,loop_0
1811,clean,clean_0
1812,unused_signal,unused_1
1813,missing_default,case_1
1814,width_mismatch,width_0
1815,clean,clean_0
1816,latch_inference,latch_1
1817,comb_loop,loop_1
1818,clean,clean_0
1819,latch_inference,latch_1
1820,latch_inference,latch_0
1821,syntax_error,syntax_0
1822,clean,clean_0
1823,comb_loop,loop_1
1824,clean,clean_0
1825,multi_driver,mdrv_1
1826,clean,clean_0
1827,syntax_error,syntax_0
1828,syntax_error,syntax_0
1829,missing_default,case_1
1830,latch_inference,latch_0
1831,clean,clean_0
1832,clean,clean_0
1833,syntax_error,syntax_0
1834,width_mismatch,width_1
1835,latch_inference,latch_1
1836,width_mismatch,width_0
1837,blocking_misuse,blocking_0
1838,comb_loop,loop_0
1839,clean,clean_0
1840,clean,clean_0
1841,blocking_misuse,blocking_1
1842,width_mismatch,width_0
1843,clean,clean_0
1844,blocking_misuse,blocking_0
1845,latch_inference,latch_1
1846,comb_loop,loop_1
1847,clean,clean_0
1848,comb_loop,loop_0
1849,clean,clean_0
1850,clean,clean_0
1851,clean,clean_0
1852,width_mismatch,width_1
1853,blocking_misuse,blocking_1
1854,unused_signal,unused_0
1855,comb_loop,loop_1
1856,latch_inference,latch_1
1857,comb_loop,loop_1
1858,blocking_misuse,blocking_1
1859,comb_loop,loop_1
1860,blocking_misuse,blocking_1
1861,clean,clean_0
1862,syntax_error,syntax_0
1863,syntax_error,syntax_0
1864,unused_signal,unused_1
1865,latch_inference,latch_1
1866,comb_loop,loop_1
1867,clean,clean_0
1868,missing_default,case_0
1869,multi_driver,mdrv_1
1870,clean,clean_0
1871,missing_default,case_1
1872,syntax_error,syntax_0
1873,blocking_misuse,blocking_1
1874,syntax_error,syntax_0
1875,multi_driver,mdrv_0
1876,width_mismatch,width_0
1877,latch_inference,latch_1
1878,missing_default,case_0
1879,syntax_error,syntax_0
1880,blocking_misuse,blocking_0
1881,missing_default,case_0
1882,clean,clean_0
1883,comb_loop,loop_1
1884,syntax_error,syntax_1
1885,syntax_error,syntax_0
1886,width_mismatch,width_1
1887,clean,clean_0
1888,comb_loop,loop_1
1889,unused_signal,unused_1
1890,unused_signal,unused_1
1891,width_mismatch,width_1
1892,multi_driver,mdrv_0
1893,clean,clean_0
1894,unused_signal,unused_1
1895,comb_loop,loop_1
1896,width_mismatch,width_1
1897,clean,clean_0
1898,comb_loop,loop_0
1899,clean,clean_0
1900,comb_loop,loop_0
1901,comb_loop,loop_1
1902,unused_signal,unused_0
1903,syntax_error,syntax_1
1904,blocking_misuse,blocking_0
1905,multi_driver,mdrv_1
1906,comb_loop,loop_0
1907,missing_default,case_1
1908,clean,clean_0
1909,blocking_misuse,blocking_0
1910,syntax_error,syntax_0
1911,comb_loop,loop_0
1912,width_mismatch,width_1
1913,multi_driver,mdrv_1
1914,clean,clean_0
1915,comb_loop,loop_0
1916,multi_driver,mdrv_1
1917,blocking_misuse,blocking_1
1918,clean,clean_0
1919,latch_inference,latch_0
1920,comb_loop,loop_1
1921,comb_loop,loop_0
1922,clean,clean_0
1923,missing_default,case_0
1924,clean,clean_0
1925,width_mismatch,width_0
1926,missing_default,case_0
1927,clean,clean_0
1928,blocking_misuse,blocking_1
1929,missing_default,case_1
1930,comb_loop,loop_1
1931,width_mismatch,width_1
1932,multi_driver,mdrv_1
1933,missing_default,case_0
1934,clean,clean_0
1935,comb_loop,loop_1
1936,width_mismatch,width_0
1937,clean,clean_0
1938,clean,clean_0
1939,clean,clean_0
1940,blocking_misuse,blocking_1
1941,clean,clean_0
1942,missing_default,case_1
1943,blocking_misuse,blocking_1
1944,latch_inference,latch_0
1945,clean,clean_0
1946,missing_default,case_1
1947,clean,clean_0
1948,comb_loop,loop_0
1949,clean,clean_0
1950,clean,clean_0
1951,clean,clean_0
1952,comb_loop,loop_0
1953,unused_signal,unused_0
1954,unused_signal,unused_1
1955,syntax_error,syntax_0
1956,clean,clean_0
1957,unused_signal,unused_1
1958,blocking_misuse,blocking_0
1959,comb_loop,loop_0
1960,clean,clean_0
1961,multi_driver,mdrv_0
1962,missing_default,case_1
1963,syntax_error,syntax_0
1964,width_mismatch,width_1
1965,clean,clean_0
1966,clean,clean_0
1967,blocking_misuse,blocking_0
1968,multi_driver,mdrv_0
1969,comb_loop,loop_1
1970,missing_default,case_0
1971,multi_driver,mdrv_1
1972,width_mismatch,width_0
1973,unused_signal,unused_0
1974,multi_driver,mdrv_1
1975,multi_driver,mdrv_1
1976,multi_driver,mdrv_0
1977,multi_driver,mdrv_0
1978,syntax_error,syntax_0
1979,missing_default,case_1
1980,unused_signal,unused_0
1981,clean,clean_0
1982,unused_signal,unused_1
1983,blocking_misuse,blocking_1
1984,comb_loop,loop_1
1985,comb_loop,loop_0
1986,syntax_error,syntax_0
1987,blocking_misuse,blocking_0
1988,clean,clean_0
1989,clean,clean_0
1990,comb_loop,loop_1
1991,missing_default,case_1
1992,unused_signal,unused_0
1993,unused_signal,unused_1
1994,latch_inference,latch_0
1995,width_mismatch,width_0
1996,unused_signal,unused_1
1997,comb_loop,loop_0
1998,width_mismatch,width_0
1999,clean,clean_0
2000,blocking_misuse,blocking_1
